<?xml version="1.0" encoding="UTF-8"?>
<character location.name="table" location.x="725" location.y="675" posZ="0" rotate="0" roll="-360" hideInventory="false" nonTalkFlag="false" overViewWidth="270" overViewMaxHeight="250" chatColorCode.0="#000000" chatColorCode.1="#FF0000" chatColorCode.2="#0099FF" syncDummyCounter="0">
  <data name="character">
    <data name="image">
      <data type="image" name="imageIdentifier">9a4646a1d74e5a82355757f6c34ca2f6b205257967bf33e69ac2cb380785f35c</data>
    </data>
    <data name="common">
      <data name="name">ロックスター</data>
      <data name="size">2</data>
    </data>
    <data name="detail">
      <data name="パーソナルデータ">
        <data name="性別">男</data>
        <data name="年齢">（キャラメイクの際に選択した年齢を入力して下さい）</data>
        <data name="野望">出世</data>
        <data name="象徴">星</data>
        <data name="生業">傭兵</data>
        <data name="経験">0</data>
      </data>
      <data name="生命力/泥臭さ">
        <data type="numberResource" currentValue="10" name="生命力">10</data>
        <data type="numberResource" currentValue="5" name="泥臭さ">5</data>
      </data>
      <data name="基礎値">
        <data name="筋力">5</data>
        <data name="頑強">6</data>
        <data name="狡猾">1</data>
        <data name="見識">1</data>
        <data name="操作">1</data>
        <data name="尊厳">1</data>
      </data>
      <data name="応用値">
        <data name="クレジット" type="" currentValue="0">2250</data>
        <data name="擬態最大値" type="">1</data>
        <data name="異形度">0</data>
      </data>
      <data name="学習特性">
        <data name="象徴" type="">明朗闊達</data>
        <data name="生業">戦い慣れ</data>
        <data name="初期">格闘術</data>
      </data>
      <data name="適応特性">
        <data name="耐毒臓器（プレオーガン）">健全Lv1 関門以外擬態不可</data>
        <data name="弾身具（バウンドボディ）" type="" currentValue="1">(P101)暴Lv2 5未満のダメージを0に</data>
        <data name="灼熱護法（メルトヴェール）">(P101)醜暴Lv3 遠距離攻撃の威力-5 近接攻撃に炎付加 ﾗｳﾝﾄﾞ開始時共にいるｷｬﾗに2点ﾀﾞﾒｰｼﾞ</data>
        <data name="第云存在（スワンプマン）">(P108)健全Lv3 死亡時生命力と泥臭さを全快した別ｷｬﾗｼを参加させてｷｬﾗﾛｽﾄ</data>
      </data>
      <data name="アイテム">
        <data name="持ち込み">
          <data name="アイテム名">栄養ドリンク</data>
          <data name="アイテム名">栄養補助スティック</data>
          <data name="アイテム名">ステロイド</data>
          <data name="アイテム名">漢方薬</data>
          <data name="アイテム名"></data>
        </data>
        <data name="ロッカー">
          <data name="アイテム名"></data>
        </data>
      </data>
      <data name="接点">
        <data name="名前" type="numberResource" currentValue="0">0</data>
      </data>
      <data name="立ち絵位置">
        <data type="numberResource" currentValue="0" name="POS">11</data>
      </data>
      <data name="トロフィー">
        <data name="ガーディアン" type="numberResource" currentValue="1">0</data>
        <data name="エージェント" type="numberResource" currentValue="1">0</data>
        <data name="ブレイブ" type="numberResource" currentValue="1">0</data>
      </data>
    </data>
    <data name="buff">
      <data name="バフ/デバフ"></data>
    </data>
  </data>
  <chat-palette dicebot="DiceBot">▽特性


▼基本判定

{筋力} 2D6&gt;= [筋力]判定
{頑強} 2D6&gt;= [頑強]判定
{狡猾} 2D6&gt;= [狡猾]判定
{見識} 2D6&gt;= [見識]判定
{操作} 2D6&gt;= [操作]判定
{尊厳} 2D6&gt;= [尊厳]判定


▼道中フェイズ

・ドライブ判定
{操作} 2D6&gt;=7　判定(Cルート):〔操作〕:7以上1回／成功→難度1 失敗→難度2
{操作} 2D6&gt;=7　判定(Bルート):〔操作〕:7以上2回／成功→難度2 失敗→難度3
{操作} 2D6&gt;=7　判定(Aルート):〔操作〕:7以上3回／成功→難度3 失敗→難度4


・クエスト判定　
{見識} 2D6&gt;=9　クエスト判定:〔見識〕:最大値9／成功→難度低 失敗→難度高


▽ブレークタイム

・チャット
{尊厳} 2d6&gt;=7　&lt;チャット&gt;[尊厳]/最大値7

・デート
{尊厳} 2d6&gt;=　&lt;デート&gt;[尊厳]

・探索
{見識} 2d6&gt;=7　発見：〔見識〕：最大値7
{狡猾} 2d6&gt;=7　危機回避：〔狡猾〕：最大値7

・調査判定　
{見識} 2D6&gt;=7　判定:〔見識〕:7以上X回

・休憩　判定なし。生命力を２点回復する



▼戦闘

・命中判定(近接)
{筋力} 2D6&gt;=(武器の精密性)　近接武器名（部位・破壊力・精密性・レンジ・アングル・特殊）で攻撃

・命中判定(遠距離)
{操作} 2D6&gt;=(武器の精密性+レンジ差)  遠距離武器名（部位・破壊力・精密性・レンジ・アングル・特殊）で攻撃

・回避判定
{狡猾} 2D6&gt;=(7+)　回避判定:〔狡猾〕:最大値【7+攻撃の『精度』】※1ラウンド1回まで

・防御判定　
{頑強} 2D6&gt;=(5+)　防御判定:〔頑強〕:【5+攻撃の『精度』】以上X回</chat-palette>
  <buff-palette dicebot="DiceBot">コントローラ入力例：
マッスルベアー DB+2 3
クリティカルレイ A 18
セイクリッドウェポン 命+1攻+2 18</buff-palette>
</character>